[{"event_id":1866,"text":"<img src='\/images\/SH_small.png'\/> <b><a href='\/u\/124493'>Cookiezi<\/a><\/b> achieved rank #600 on <a href='\/b\/785099?m=0'>Naru Sekiya - Yorokobi Synchronicity Naru ver. [Joy]<\/a> (osu!)","text_clean":"<img src='\/images\/SH_small.png'\/> <b><a href='\/u\/124493'>Cookiezi<\/a><\/b> achieved rank #600 on <a href='\/b\/785099?m=0'>Naru Sekiya - Yorokobi Synchronicity Naru ver. [Joy]<\/a> (osu!)","beatmap_id":785099,"beatmapset_id":356823,"user_id":124493,"date":"2016-02-19 16:08:28","epicfactor":1,"private":0},{"event_id":1867,"text":"<img src='\/images\/A_small.png'\/> <b><a href='\/u\/124493'>Cookiezi<\/a><\/b> achieved rank #306 on <a href='\/b\/867391?m=0'>senya - Hitomi ni Kakusareta Omoi [Lunatic]<\/a> (osu!)","text_clean":"<img src='\/images\/A_small.png'\/> <b><a href='\/u\/124493'>Cookiezi<\/a><\/b> achieved rank #306 on <a href='\/b\/867391?m=0'>senya - Hitomi ni Kakusareta Omoi [Lunatic]<\/a> (osu!)","beatmap_id":867391,"beatmapset_id":398921,"user_id":124493,"date":"2016-02-19 15:53:22","epicfactor":1,"private":0},{"event_id":1868,"text":"<img src='\/images\/A_small.png'\/> <b><a href='\/u\/124493'>Cookiezi<\/a><\/b> achieved rank #344 on <a href='\/b\/867391?m=0'>senya - Hitomi ni Kakusareta Omoi [Lunatic]<\/a> (osu!)","text_clean":"<img src='\/images\/A_small.png'\/> <b><a href='\/u\/124493'>Cookiezi<\/a><\/b> achieved rank #344 on <a href='\/b\/867391?m=0'>senya - Hitomi ni Kakusareta Omoi [Lunatic]<\/a> (osu!)","beatmap_id":867391,"beatmapset_id":398921,"user_id":124493,"date":"2016-02-19 15:38:16","epicfactor":1,"private":0},{"event_id":1869,"text":"<img src='\/images\/S_small.png'\/> <b><a href='\/u\/124493'>Cookiezi<\/a><\/b> achieved rank #61 on <a href='\/b\/548376?m=0'>P*Light - NINJA [Elvis' Donatello]<\/a> (osu!)","text_clean":"<img src='\/images\/S_small.png'\/> <b><a href='\/u\/124493'>Cookiezi<\/a><\/b> achieved rank #61 on <a href='\/b\/548376?m=0'>P*Light - NINJA [Elvis' Donatello]<\/a> (osu!)","beatmap_id":548376,"beatmapset_id":195307,"user_id":124493,"date":"2016-02-18 22:52:41","epicfactor":1,"private":0},{"event_id":1870,"text":"<img src='\/images\/S_small.png'\/> <b><a href='\/u\/124493'>Cookiezi<\/a><\/b> achieved rank #332 on <a href='\/b\/803739?m=0'>P*Light - YELLOW SPLASH!! [DSE Summertime 2016]<\/a> (osu!)","text_clean":"<img src='\/images\/S_small.png'\/> <b><a href='\/u\/124493'>Cookiezi<\/a><\/b> achieved rank #332 on <a href='\/b\/803739?m=0'>P*Light - YELLOW SPLASH!! [DSE Summertime 2016]<\/a> (osu!)","beatmap_id":803739,"beatmapset_id":366224,"user_id":124493,"date":"2016-02-18 21:40:43","epicfactor":1,"private":0},{"event_id":1871,"text":"<b><a href='\/u\/124493'>Cookiezi<\/a><\/b> has lost first place on <a href='\/b\/145601?m=0'>RSP - The First Star [S h i a's Insane]<\/a> (osu!)","text_clean":"<b><a href='\/u\/124493'>Cookiezi<\/a><\/b> has lost first place on <a href='\/b\/145601?m=0'>RSP - The First Star [S h i a's Insane]<\/a> (osu!)","beatmap_id":145601,"beatmapset_id":46342,"user_id":124493,"date":"2016-02-18 04:17:25","epicfactor":2,"private":0},{"event_id":1872,"text":"<img src='\/images\/A_small.png'\/> <b><a href='\/u\/124493'>Cookiezi<\/a><\/b> achieved <b>rank #43<\/b> on <a href='\/b\/799401?m=0'>P*Light - YELLOW SPLASH!! [yf's Extreme]<\/a> (osu!)","text_clean":"<img src='\/images\/A_small.png'\/> <b><a href='\/u\/124493'>Cookiezi<\/a><\/b> achieved <b>rank #43<\/b> on <a href='\/b\/799401?m=0'>P*Light - YELLOW SPLASH!! [yf's Extreme]<\/a> (osu!)","beatmap_id":799401,"beatmapset_id":363882,"user_id":124493,"date":"2016-02-17 04:03:44","epicfactor":1,"private":0},{"event_id":1873,"text":"<img src='\/images\/A_small.png'\/> <b><a href='\/u\/124493'>Cookiezi<\/a><\/b> achieved <b>rank #13<\/b> on <a href='\/b\/101916?m=0'>Hatsune Miku - BadBye [GoodBye]<\/a> (osu!)","text_clean":"<img src='\/images\/A_small.png'\/> <b><a href='\/u\/124493'>Cookiezi<\/a><\/b> achieved <b>rank #13<\/b> on <a href='\/b\/101916?m=0'>Hatsune Miku - BadBye [GoodBye]<\/a> (osu!)","beatmap_id":101916,"beatmapset_id":30939,"user_id":124493,"date":"2016-02-17 02:37:50","epicfactor":2,"private":0},{"event_id":1874,"text":"<img src='\/images\/A_small.png'\/> <b><a href='\/u\/124493'>Cookiezi<\/a><\/b> achieved rank #58 on <a href='\/b\/799401?m=0'>P*Light - YELLOW SPLASH!! [yf's Extreme]<\/a> (osu!)","text_clean":"<img src='\/images\/A_small.png'\/> <b><a href='\/u\/124493'>Cookiezi<\/a><\/b> achieved rank #58 on <a href='\/b\/799401?m=0'>P*Light - YELLOW SPLASH!! [yf's Extreme]<\/a> (osu!)","beatmap_id":799401,"beatmapset_id":363882,"user_id":124493,"date":"2016-02-17 02:34:45","epicfactor":1,"private":0},{"event_id":1875,"text":"<img src='\/images\/X_small.png'\/> <b><a href='\/u\/2155578'>Azer<\/a><\/b> achieved rank #130 on <a href='\/b\/769848?m=0'>yuiko &amp; Meis Clauson - Aozora Memories [Vincent's Kyoushuu]<\/a> (osu!)","text_clean":"<img src='\/images\/X_small.png'\/> <b><a href='\/u\/2155578'>Azer<\/a><\/b> achieved rank #130 on <a href='\/b\/769848?m=0'>yuiko &amp; Meis Clauson - Aozora Memories [Vincent's Kyoushuu]<\/a> (osu!)","beatmap_id":769848,"beatmapset_id":349062,"user_id":2155578,"date":"2016-02-18 09:47:17","epicfactor":1,"private":0},{"event_id":1876,"text":"<img src='\/images\/S_small.png'\/> <b><a href='\/u\/18983'>Doomsday<\/a><\/b> achieved <b>rank #15<\/b> on <a href='\/b\/257742?m=0'>Foo Fighters - Monkey Wrench [Insane]<\/a> (osu!)","text_clean":"<img src='\/images\/S_small.png'\/> <b><a href='\/u\/18983'>Doomsday<\/a><\/b> achieved <b>rank #15<\/b> on <a href='\/b\/257742?m=0'>Foo Fighters - Monkey Wrench [Insane]<\/a> (osu!)","beatmap_id":257742,"beatmapset_id":90087,"user_id":18983,"date":"2016-02-18 08:58:20","epicfactor":2,"private":0},{"event_id":1877,"text":"<b><a href='\/u\/18983'>Doomsday<\/a><\/b> has updated the beatmap \"<a href='\/s\/418539'>toby fox - Death by Glamour<\/a>\"","text_clean":"<b><a href='\/u\/18983'>Doomsday<\/a><\/b> has updated the beatmap \"<a href='\/s\/418539'>toby fox - Death by Glamour<\/a>\"","beatmap_id":0,"beatmapset_id":418539,"user_id":18983,"date":"2016-02-18 06:48:26","epicfactor":2,"private":0},{"event_id":1878,"text":"<b><a href='\/u\/18983'>Doomsday<\/a><\/b> has updated the beatmap \"<a href='\/s\/418539'>toby fox - Death by Glamour<\/a>\"","text_clean":"<b><a href='\/u\/18983'>Doomsday<\/a><\/b> has updated the beatmap \"<a href='\/s\/418539'>toby fox - Death by Glamour<\/a>\"","beatmap_id":0,"beatmapset_id":418539,"user_id":18983,"date":"2016-02-18 06:47:46","epicfactor":2,"private":0},{"event_id":1879,"text":"<b><a href='\/u\/18983'>Doomsday<\/a><\/b> has updated the beatmap \"<a href='\/s\/418539'>toby fox - Death by Glamour<\/a>\"","text_clean":"<b><a href='\/u\/18983'>Doomsday<\/a><\/b> has updated the beatmap \"<a href='\/s\/418539'>toby fox - Death by Glamour<\/a>\"","beatmap_id":0,"beatmapset_id":418539,"user_id":18983,"date":"2016-02-18 06:47:13","epicfactor":2,"private":0},{"event_id":1880,"text":"<b><a href='\/u\/18983'>Doomsday<\/a><\/b> has updated the beatmap \"<a href='\/s\/418539'>toby fox - Death by Glamour<\/a>\"","text_clean":"<b><a href='\/u\/18983'>Doomsday<\/a><\/b> has updated the beatmap \"<a href='\/s\/418539'>toby fox - Death by Glamour<\/a>\"","beatmap_id":0,"beatmapset_id":418539,"user_id":18983,"date":"2016-02-18 06:43:57","epicfactor":2,"private":0},{"event_id":1881,"text":"<img src='\/images\/S_small.png'\/> <b><a href='\/u\/18983'>Doomsday<\/a><\/b> achieved rank #83 on <a href='\/b\/192979?m=0'>Spor - That's That (feat. Illy Emcee) [That's Insane]<\/a> (osu!)","text_clean":"<img src='\/images\/S_small.png'\/> <b><a href='\/u\/18983'>Doomsday<\/a><\/b> achieved rank #83 on <a href='\/b\/192979?m=0'>Spor - That's That (feat. Illy Emcee) [That's Insane]<\/a> (osu!)","beatmap_id":192979,"beatmapset_id":38929,"user_id":18983,"date":"2016-02-18 06:37:31","epicfactor":1,"private":0},{"event_id":1882,"text":"<b><a href='\/u\/18983'>Doomsday<\/a><\/b> has submitted a new beatmap \"<a href='\/s\/418539'>toby fox - Death by Glamour<\/a>\"","text_clean":"<b><a href='\/u\/18983'>Doomsday<\/a><\/b> has submitted a new beatmap \"<a href='\/s\/418539'>toby fox - Death by Glamour<\/a>\"","beatmap_id":0,"beatmapset_id":418539,"user_id":18983,"date":"2016-02-18 05:59:22","epicfactor":4,"private":0},{"event_id":1883,"text":"<img src='\/images\/S_small.png'\/> <b><a href='\/u\/18983'>Doomsday<\/a><\/b> achieved <b>rank #14<\/b> on <a href='\/b\/263270?m=0'>Ichigo - Kuoria [Lunatic]<\/a> (osu!)","text_clean":"<img src='\/images\/S_small.png'\/> <b><a href='\/u\/18983'>Doomsday<\/a><\/b> achieved <b>rank #14<\/b> on <a href='\/b\/263270?m=0'>Ichigo - Kuoria [Lunatic]<\/a> (osu!)","beatmap_id":263270,"beatmapset_id":87170,"user_id":18983,"date":"2016-02-18 05:23:51","epicfactor":2,"private":0},{"event_id":1884,"text":"<img src='\/images\/A_small.png'\/> <b><a href='\/u\/18983'>Doomsday<\/a><\/b> achieved rank #492 on <a href='\/b\/861381?m=0'>MY FIRST STORY - ALONE [Isolation]<\/a> (osu!)","text_clean":"<img src='\/images\/A_small.png'\/> <b><a href='\/u\/18983'>Doomsday<\/a><\/b> achieved rank #492 on <a href='\/b\/861381?m=0'>MY FIRST STORY - ALONE [Isolation]<\/a> (osu!)","beatmap_id":861381,"beatmapset_id":395846,"user_id":18983,"date":"2016-02-18 01:35:34","epicfactor":1,"private":0},{"event_id":1885,"text":"<img src='\/images\/A_small.png'\/> <b><a href='\/u\/18983'>Doomsday<\/a><\/b> achieved rank #65 on <a href='\/b\/809469?m=0'>Equilibrium - Waldschrein [Mein Land]<\/a> (osu!)","text_clean":"<img src='\/images\/A_small.png'\/> <b><a href='\/u\/18983'>Doomsday<\/a><\/b> achieved rank #65 on <a href='\/b\/809469?m=0'>Equilibrium - Waldschrein [Mein Land]<\/a> (osu!)","beatmap_id":809469,"beatmapset_id":369354,"user_id":18983,"date":"2016-02-18 01:18:28","epicfactor":1,"private":0},{"event_id":1886,"text":"<img src='\/images\/A_small.png'\/> <b><a href='\/u\/1093361'>Kynan<\/a><\/b> achieved rank #147 on <a href='\/b\/845391?m=0'>Feint - Tower Of Heaven (You Are Slaves) [Heaven]<\/a> (osu!)","text_clean":"<img src='\/images\/A_small.png'\/> <b><a href='\/u\/1093361'>Kynan<\/a><\/b> achieved rank #147 on <a href='\/b\/845391?m=0'>Feint - Tower Of Heaven (You Are Slaves) [Heaven]<\/a> (osu!)","beatmap_id":845391,"beatmapset_id":128931,"user_id":1093361,"date":"2016-02-19 08:26:21","epicfactor":1,"private":0},{"event_id":1887,"text":"<img src='\/images\/A_small.png'\/> <b><a href='\/u\/1093361'>Kynan<\/a><\/b> achieved rank #842 on <a href='\/b\/794750?m=0'>fhana - Wonder Stella [Marvel]<\/a> (osu!)","text_clean":"<img src='\/images\/A_small.png'\/> <b><a href='\/u\/1093361'>Kynan<\/a><\/b> achieved rank #842 on <a href='\/b\/794750?m=0'>fhana - Wonder Stella [Marvel]<\/a> (osu!)","beatmap_id":794750,"beatmapset_id":361790,"user_id":1093361,"date":"2016-02-19 07:24:14","epicfactor":1,"private":0},{"event_id":1888,"text":"<img src='\/images\/A_small.png'\/> <b><a href='\/u\/1093361'>Kynan<\/a><\/b> achieved rank #704 on <a href='\/b\/821201?m=0'>fhana - Comet Lucifer ~The Seed and the Sower~ [Gifdium]<\/a> (osu!)","text_clean":"<img src='\/images\/A_small.png'\/> <b><a href='\/u\/1093361'>Kynan<\/a><\/b> achieved rank #704 on <a href='\/b\/821201?m=0'>fhana - Comet Lucifer ~The Seed and the Sower~ [Gifdium]<\/a> (osu!)","beatmap_id":821201,"beatmapset_id":374875,"user_id":1093361,"date":"2016-02-19 07:03:24","epicfactor":1,"private":0},{"event_id":1889,"text":"<img src='\/images\/A_small.png'\/> <b><a href='\/u\/1093361'>Kynan<\/a><\/b> achieved rank #147 on <a href='\/b\/256027?m=0'>bibuko - Reizouko Mitara Pudding ga Nai [Jumpudding!]<\/a> (osu!)","text_clean":"<img src='\/images\/A_small.png'\/> <b><a href='\/u\/1093361'>Kynan<\/a><\/b> achieved rank #147 on <a href='\/b\/256027?m=0'>bibuko - Reizouko Mitara Pudding ga Nai [Jumpudding!]<\/a> (osu!)","beatmap_id":256027,"beatmapset_id":90068,"user_id":1093361,"date":"2016-02-19 06:49:22","epicfactor":1,"private":0},{"event_id":1890,"text":"<img src='\/images\/A_small.png'\/> <b><a href='\/u\/1093361'>Kynan<\/a><\/b> achieved rank #119 on <a href='\/b\/248501?m=0'>yu_tokiwa.djw - murmur twins [Another]<\/a> (osu!)","text_clean":"<img src='\/images\/A_small.png'\/> <b><a href='\/u\/1093361'>Kynan<\/a><\/b> achieved rank #119 on <a href='\/b\/248501?m=0'>yu_tokiwa.djw - murmur twins [Another]<\/a> (osu!)","beatmap_id":248501,"beatmapset_id":71856,"user_id":1093361,"date":"2016-02-19 06:36:45","epicfactor":1,"private":0},{"event_id":1891,"text":"<img src='\/images\/S_small.png'\/> <b><a href='\/u\/1093361'>Kynan<\/a><\/b> achieved <b>rank #5<\/b> on <a href='\/b\/809469?m=0'>Equilibrium - Waldschrein [Mein Land]<\/a> (osu!)","text_clean":"<img src='\/images\/S_small.png'\/> <b><a href='\/u\/1093361'>Kynan<\/a><\/b> achieved <b>rank #5<\/b> on <a href='\/b\/809469?m=0'>Equilibrium - Waldschrein [Mein Land]<\/a> (osu!)","beatmap_id":809469,"beatmapset_id":369354,"user_id":1093361,"date":"2016-02-19 05:44:17","epicfactor":4,"private":0},{"event_id":1892,"text":"<img src='\/images\/A_small.png'\/> <b><a href='\/u\/1093361'>Kynan<\/a><\/b> achieved rank #460 on <a href='\/b\/718156?m=0'>DragonForce - Defenders [Legend]<\/a> (osu!)","text_clean":"<img src='\/images\/A_small.png'\/> <b><a href='\/u\/1093361'>Kynan<\/a><\/b> achieved rank #460 on <a href='\/b\/718156?m=0'>DragonForce - Defenders [Legend]<\/a> (osu!)","beatmap_id":718156,"beatmapset_id":323059,"user_id":1093361,"date":"2016-02-19 05:09:08","epicfactor":1,"private":0},{"event_id":1893,"text":"<img src='\/images\/A_small.png'\/> <b><a href='\/u\/1093361'>Kynan<\/a><\/b> achieved <b>rank #16<\/b> on <a href='\/b\/836339?m=0'>Dark PHOENiX - Ryokugan no Jealousy [Monster with Green Eyes]<\/a> (osu!)","text_clean":"<img src='\/images\/A_small.png'\/> <b><a href='\/u\/1093361'>Kynan<\/a><\/b> achieved <b>rank #16<\/b> on <a href='\/b\/836339?m=0'>Dark PHOENiX - Ryokugan no Jealousy [Monster with Green Eyes]<\/a> (osu!)","beatmap_id":836339,"beatmapset_id":382455,"user_id":1093361,"date":"2016-02-19 04:29:54","epicfactor":2,"private":0},{"event_id":1894,"text":"<img src='\/images\/A_small.png'\/> <b><a href='\/u\/1093361'>Kynan<\/a><\/b> achieved <b>rank #5<\/b> on <a href='\/b\/168504?m=0'>The Ghost Of 3.13 - Forgotten [Afterlife]<\/a> (osu!)","text_clean":"<img src='\/images\/A_small.png'\/> <b><a href='\/u\/1093361'>Kynan<\/a><\/b> achieved <b>rank #5<\/b> on <a href='\/b\/168504?m=0'>The Ghost Of 3.13 - Forgotten [Afterlife]<\/a> (osu!)","beatmap_id":168504,"beatmapset_id":55560,"user_id":1093361,"date":"2016-02-18 12:48:48","epicfactor":4,"private":0},{"event_id":1895,"text":"<img src='\/images\/A_small.png'\/> <b><a href='\/u\/1093361'>Kynan<\/a><\/b> achieved rank #146 on <a href='\/b\/652234?m=0'>Alipio Martins - Piranha (Maffalda Reloaded Trap Mix) [BD's Gangsta]<\/a> (osu!)","text_clean":"<img src='\/images\/A_small.png'\/> <b><a href='\/u\/1093361'>Kynan<\/a><\/b> achieved rank #146 on <a href='\/b\/652234?m=0'>Alipio Martins - Piranha (Maffalda Reloaded Trap Mix) [BD's Gangsta]<\/a> (osu!)","beatmap_id":652234,"beatmapset_id":287873,"user_id":1093361,"date":"2016-02-18 12:06:42","epicfactor":1,"private":0},{"event_id":1896,"text":"<img src='\/images\/A_small.png'\/> <b><a href='\/u\/1093361'>Kynan<\/a><\/b> achieved rank #557 on <a href='\/b\/598867?m=0'>AKI AKANE - Kando*Reduction [Pho's Elimination]<\/a> (osu!)","text_clean":"<img src='\/images\/A_small.png'\/> <b><a href='\/u\/1093361'>Kynan<\/a><\/b> achieved rank #557 on <a href='\/b\/598867?m=0'>AKI AKANE - Kando*Reduction [Pho's Elimination]<\/a> (osu!)","beatmap_id":598867,"beatmapset_id":262403,"user_id":1093361,"date":"2016-02-18 11:56:09","epicfactor":1,"private":0},{"event_id":1897,"text":"<img src='\/images\/S_small.png'\/> <b><a href='\/u\/1093361'>Kynan<\/a><\/b> achieved <b>rank #5<\/b> on <a href='\/b\/517308?m=0'>Igorrr - Tout Petit Moineau [Extra]<\/a> (osu!)","text_clean":"<img src='\/images\/S_small.png'\/> <b><a href='\/u\/1093361'>Kynan<\/a><\/b> achieved <b>rank #5<\/b> on <a href='\/b\/517308?m=0'>Igorrr - Tout Petit Moineau [Extra]<\/a> (osu!)","beatmap_id":517308,"beatmapset_id":212180,"user_id":1093361,"date":"2016-02-18 11:40:23","epicfactor":4,"private":0},{"event_id":1898,"text":"<img src='\/images\/A_small.png'\/> <b><a href='\/u\/1093361'>Kynan<\/a><\/b> achieved rank #146 on <a href='\/b\/559059?m=0'>Hanatan - Tengaku [Skystar's Extra]<\/a> (osu!)","text_clean":"<img src='\/images\/A_small.png'\/> <b><a href='\/u\/1093361'>Kynan<\/a><\/b> achieved rank #146 on <a href='\/b\/559059?m=0'>Hanatan - Tengaku [Skystar's Extra]<\/a> (osu!)","beatmap_id":559059,"beatmapset_id":220785,"user_id":1093361,"date":"2016-02-18 09:25:01","epicfactor":1,"private":0},{"event_id":1899,"text":"<img src='\/images\/A_small.png'\/> <b><a href='\/u\/3976494'>Hot Korean Girl<\/a><\/b> achieved rank #622 on <a href='\/b\/718156?m=0'>DragonForce - Defenders [Legend]<\/a> (osu!)","text_clean":"<img src='\/images\/A_small.png'\/> <b><a href='\/u\/3976494'>Hot Korean Girl<\/a><\/b> achieved rank #622 on <a href='\/b\/718156?m=0'>DragonForce - Defenders [Legend]<\/a> (osu!)","beatmap_id":718156,"beatmapset_id":323059,"user_id":3976494,"date":"2016-02-19 10:32:58","epicfactor":1,"private":0},{"event_id":1900,"text":"<img src='\/images\/A_small.png'\/> <b><a href='\/u\/3976494'>Hot Korean Girl<\/a><\/b> achieved rank #981 on <a href='\/b\/696225?m=0'>HoneyWorks - Miraizu feat.Aida Miou(CV:Toyosaki Aki) [Special]<\/a> (osu!)","text_clean":"<img src='\/images\/A_small.png'\/> <b><a href='\/u\/3976494'>Hot Korean Girl<\/a><\/b> achieved rank #981 on <a href='\/b\/696225?m=0'>HoneyWorks - Miraizu feat.Aida Miou(CV:Toyosaki Aki) [Special]<\/a> (osu!)","beatmap_id":696225,"beatmapset_id":306591,"user_id":3976494,"date":"2016-02-18 07:41:53","epicfactor":1,"private":0}]