[{"user_id":124493,"count300":1025853,"count100":35591,"count50":2560,"countMiss":0,"accuracy_total":0,"accuracy_count":0,"accuracy":98.6,"playcount":2081,"ranked_score":2147483647,"total_score":2147483647,"x_rank_count":9,"s_rank_count":69,"a_rank_count":75,"rank":3,"level":1,"replay_popularity":0,"fail_count":0,"exit_count":0,"max_combo":0,"country_acronym":"KR","rank_score":0,"rank_score_index":0,"accuracy_new":98.6,"last_update":"2016-02-20 16:17:43","last_played":"2016-02-20 16:17:43"},{"user_id":2155578,"count300":13084428,"count100":639354,"count50":69517,"countMiss":0,"accuracy_total":0,"accuracy_count":0,"accuracy":99.1434,"playcount":63135,"ranked_score":2147483647,"total_score":2147483647,"x_rank_count":152,"s_rank_count":804,"a_rank_count":566,"rank":35,"level":1,"replay_popularity":0,"fail_count":0,"exit_count":0,"max_combo":0,"country_acronym":"CA","rank_score":0,"rank_score_index":0,"accuracy_new":99.1434,"last_update":"2016-02-20 16:17:43","last_played":"2016-02-20 16:17:43"},{"user_id":18983,"count300":33580069,"count100":1899563,"count50":162212,"countMiss":0,"accuracy_total":0,"accuracy_count":0,"accuracy":98.4178,"playcount":234572,"ranked_score":2147483647,"total_score":2147483647,"x_rank_count":876,"s_rank_count":6010,"a_rank_count":965,"rank":64,"level":1,"replay_popularity":0,"fail_count":0,"exit_count":0,"max_combo":0,"country_acronym":"GB","rank_score":0,"rank_score_index":0,"accuracy_new":98.4178,"last_update":"2016-02-20 16:17:43","last_played":"2016-02-20 16:17:43"},{"user_id":559998,"count300":22426956,"count100":2389717,"count50":226641,"countMiss":0,"accuracy_total":0,"accuracy_count":0,"accuracy":97.694,"playcount":187034,"ranked_score":2147483647,"total_score":2147483647,"x_rank_count":62,"s_rank_count":1182,"a_rank_count":1008,"rank":26,"level":1,"replay_popularity":0,"fail_count":0,"exit_count":0,"max_combo":0,"country_acronym":"JP","rank_score":0,"rank_score_index":0,"accuracy_new":97.694,"last_update":"2016-02-20 16:17:43","last_played":"2016-02-20 16:17:43"},{"user_id":1093361,"count300":23499583,"count100":2252224,"count50":203149,"countMiss":0,"accuracy_total":0,"accuracy_count":0,"accuracy":98.5602,"playcount":154643,"ranked_score":2147483647,"total_score":2147483647,"x_rank_count":72,"s_rank_count":1721,"a_rank_count":1429,"rank":29,"level":1,"replay_popularity":0,"fail_count":0,"exit_count":0,"max_combo":0,"country_acronym":"FR","rank_score":0,"rank_score_index":0,"accuracy_new":98.5602,"last_update":"2016-02-20 16:17:43","last_played":"2016-02-20 16:17:43"},{"user_id":477704,"count300":15509669,"count100":959802,"count50":86238,"countMiss":0,"accuracy_total":0,"accuracy_count":0,"accuracy":98.9704,"playcount":102535,"ranked_score":2147483647,"total_score":2147483647,"x_rank_count":1019,"s_rank_count":1095,"a_rank_count":667,"rank":1221,"level":1,"replay_popularity":0,"fail_count":0,"exit_count":0,"max_combo":0,"country_acronym":"TW","rank_score":0,"rank_score_index":0,"accuracy_new":98.9704,"last_update":"2016-02-20 16:17:43","last_played":"2016-02-20 16:17:43"},{"user_id":3976494,"count300":5056245,"count100":767619,"count50":101346,"countMiss":0,"accuracy_total":0,"accuracy_count":0,"accuracy":97.7867,"playcount":32577,"ranked_score":2147483647,"total_score":2147483647,"x_rank_count":3,"s_rank_count":111,"a_rank_count":194,"rank":3940,"level":1,"replay_popularity":0,"fail_count":0,"exit_count":0,"max_combo":0,"country_acronym":"US","rank_score":0,"rank_score_index":0,"accuracy_new":97.7867,"last_update":"2016-02-20 16:17:43","last_played":"2016-02-20 16:17:43"},{"user_id":6331918,"count300":4888476,"count100":418412,"count50":41520,"countMiss":0,"accuracy_total":0,"accuracy_count":0,"accuracy":98.3979,"playcount":24142,"ranked_score":2147483647,"total_score":2147483647,"x_rank_count":19,"s_rank_count":388,"a_rank_count":648,"rank":3725,"level":1,"replay_popularity":0,"fail_count":0,"exit_count":0,"max_combo":0,"country_acronym":"GB","rank_score":0,"rank_score_index":0,"accuracy_new":98.3979,"last_update":"2016-02-20 16:17:43","last_played":"2016-02-20 16:17:43"}]