[{"user_id":124493,"username":"Cookiezi","username_clean":"Cookiezi","user_rank":0,"user_colour":"","osu_playstyle":[],"is_admin":true},{"user_id":2155578,"username":"Azer","username_clean":"Azer","user_rank":0,"user_colour":"","osu_playstyle":[],"is_admin":true},{"user_id":18983,"username":"Doomsday","username_clean":"Doomsday","user_rank":0,"user_colour":"","osu_playstyle":[],"is_admin":true},{"user_id":559998,"username":"oxycodone","username_clean":"oxycodone","user_rank":0,"user_colour":"","osu_playstyle":[],"is_admin":true},{"user_id":1093361,"username":"Kynan","username_clean":"Kynan","user_rank":0,"user_colour":"","osu_playstyle":[],"is_admin":true},{"user_id":477704,"username":"I will be back","username_clean":"I will be back","user_rank":0,"user_colour":"","osu_playstyle":[],"is_admin":true},{"user_id":3976494,"username":"Hot Korean Girl","username_clean":"Hot Korean Girl","user_rank":0,"user_colour":"","osu_playstyle":[],"is_admin":true},{"user_id":6331918,"username":"ifailedatlife","username_clean":"ifailedatlife","user_rank":0,"user_colour":"","osu_playstyle":[],"is_admin":true}]